{
    "color": {
        "array_format": {
            "flip": ["depth"],
            "depth": 3,
            "frame": 0,
            "height": 1,
            "width": 2
        },
        "calibration": {
            "camera_matrix_opencv": [
                [
                    1680.8766581649177,
                    0.0,
                    490.34621493698324
                ],
                [
                    0.0,
                    1680.8766581649177,
                    873.7594590086791
                ],
                [
                    0.0,
                    0.0,
                    1.0
                ]
            ],
            "distortion_coefs_opencv": [
                [
                    -0.09764880978645571,
                    12.267866265288196,
                    -0.028227381652268502,
                    -0.011716790410207786,
                    -184.59938595272547
                ]
            ],
            "markers": [
                [
                    351.0,
                    758.0
                ],
                [
                    439.0,
                    965.0
                ],
                [
                    582.0,
                    952.0
                ],
                [
                    650.0,
                    754.0
                ]
            ]
        },
        "limits": [
            0,
            255
        ],
        "path": "/intelsr300_bgr"
    },
    "depth": {
        "array_format": {
            "frame": 0,
            "height": 1,
            "width": 2
        },
        "calibration": {
            "camera_matrix_opencv": [
                [
                    1301.7888849907697,
                    0.0,
                    244.35710603412497
                ],
                [
                    0.0,
                    1301.7888849907697,
                    314.80015258697887
                ],
                [
                    0.0,
                    0.0,
                    1.0
                ]
            ],
            "distortion_coefs_opencv": [
                [
                    -1.840199950852088,
                    61.252009080903186,
                    -0.014848577848438795,
                    -0.01654955244612207,
                    0.861897639834313
                ]
            ],
            "markers": [
                [
                    184.82254552,
                    269.86703871
                ],
                [
                    214.27790425,
                    339.56983283
                ],
                [
                    263.09397573,
                    334.98686028
                ],
                [
                    285.98582269,
                    267.87184376
                ]
            ],
            "use_calibration_from": "infrared"
        },
        "limits": [
            2000,
            4000
        ],
        "path": "/intelsr300_depth"
    },
    "infrared": {
        "array_format": {
            "frame": 0,
            "height": 1,
            "width": 2
        },
        "calibration": {
            "camera_matrix_opencv": [
                [
                    1301.7888849907697,
                    0.0,
                    244.35710603412497
                ],
                [
                    0.0,
                    1301.7888849907697,
                    314.80015258697887
                ],
                [
                    0.0,
                    0.0,
                    1.0
                ]
            ],
            "distortion_coefs_opencv": [
                [
                    -1.840199950852088,
                    61.252009080903186,
                    -0.014848577848438795,
                    -0.01654955244612207,
                    0.861897639834313
                ]
            ],
            "markers": [
                [
                    184.82254552,
                    269.86703871
                ],
                [
                    214.27790425,
                    339.56983283
                ],
                [
                    263.09397573,
                    334.98686028
                ],
                [
                    285.98582269,
                    267.87184376
                ]
            ]
        },
        "limits": [
            4900,
            37500
        ],
        "path": "/intelsr300_ir"
    },
    "infrared_high_def": {
        "array_format": {
            "frame": 0,
            "height": 1,
            "width": 2
        },
        "calibration": {
            "camera_matrix_opencv": [
                [
                    2868.009829869865,
                    0.0,
                    634.5062671854032
                ],
                [
                    0.0,
                    2868.009829869865,
                    482.0540847507081
                ],
                [
                    0.0,
                    0.0,
                    1.0
                ]
            ],
            "distortion_coefs_opencv": [
                [
                    0.7969043812120183,
                    -33.77424832743537,
                    -0.0027237994905164285,
                    0.026100996182715032,
                    322.27955872281484
                ]
            ],
            "markers": [
                [
                    302.0,
                    560.0
                ],
                [
                    469.0,
                    985.0
                ],
                [
                    749.0,
                    962.0
                ],
                [
                    897.0,
                    557.0
                ]
            ],
            "normalize": true
        },
        "limits": [
            0,
            255
        ],
        "path": "/ueye_ir"
    },
    "thermal": {
        "array_format": {
            "frame": 0,
            "height": 1,
            "width": 2
        },
        "calibration": {
            "camera_matrix_opencv": [
                [
                    2226.337803405856,
                    0.0,
                    182.40496588302494
                ],
                [
                    0.0,
                    2226.337803405856,
                    162.62115252482582
                ],
                [
                    0.0,
                    0.0,
                    1.0
                ]
            ],
            "distortion_coefs_opencv": [
                [
                    -1.5380533990089635,
                    -1109.8836499947129,
                    -0.009140091829822752,
                    -0.18687010185289327,
                    -3.5711841249056486
                ]
            ],
            "flatfield": true,
            "invert": true,
            "blur": true,
            "markers": [
                [
                    36.0,
                    130.0
                ],
                [
                    69.0,
                    208.0
                ],
                [
                    124.0,
                    205.0
                ],
                [
                    151.0,
                    128.0
                ]
            ],
            "normalize": true
        },
        "limits": [
            15600,
            16640
        ],
        "path": "/seek_ir"
    },
    "thermal_high_def": {
        "array_format": {
            "frame": 0,
            "height": 1,
            "width": 2
        },
        "calibration": {
            "camera_matrix_opencv": [
                [
                    2646.255614612503,
                    0.0,
                    238.26025127450555
                ],
                [
                    0.0,
                    2646.255614612503,
                    114.33603905460009
                ],
                [
                    0.0,
                    0.0,
                    1.0
                ]
            ],