{
    "color": {
        "array_format": {
            "flip": ["depth"],
            "depth": 3,
            "frame": 0,
            "height": 1,
            "width": 2
        },
        "calibration": {
            "camera_matrix_opencv": [
                [
                    1680.8766581649177,
                    0.0,
                    490.34621493698324
                ],
                [
                    0.0,
                    1680.8766581649177,
                    873.7594590086791
                ],
                [
                    0.0,
                    0.0,
                    1.0
                ]
            ],
            "distortion_coefs_opencv": [
                [
                    -0.09764880978645571,
                    12.267866265288196,
                    -0.028227381652268502,
                    -0.011716790410207786,
                    -184.59938595272547
                ]
            ],
            "markers": [
                [
                    415.0,
                    740.0
                ],
                [
                    481.0,
                    984.0
                ],
                [
                    657.0,
                    985.0
                ],
                [
                    712.0,
                    726.0
                ]
            ]
        },
        "limits": [
            0,
            255
        ],
        "path": "/intelsr300_bgr"
    },
    "depth": {
        "array_format": {
            "frame": 0,
            "height": 1,
            "width": 2
        },
        "calibration": {
            "camera_matrix_opencv": [
                [
                    1301.7888849907697,
                    0.0,
                    244.35710603412497
                ],
                [
                    0.0,
                    1301.7888849907697,
                    314.80015258697887
                ],
                [
                    0.0,
                    0.0,
                    1.0
                ]
            ],
            "distortion_coefs_opencv": [
                [
                    -1.840199950852088,
                    61.252009080903186,
                    -0.014848577848438795,
                    -0.01654955244612207,
                    0.861897639834313
                ]
            ],
            "markers": [
                [
                    206.41815585,
                    263.71034736
                ],
                [
                    228.58665066,
                    346.0085611
                ],
                [
                    288.85373133,
                    346.18917327
                ],
                [
                    307.0066108 ,
                    258.33519037
                ]
            ],
            "use_calibration_from": "infrared"
        },
        "limits": [
            2000,
            4000
        ],
        "path": "/intelsr300_depth"
    },
    "infrared": {
        "array_format": {
            "frame": 0,
            "height": 1,
            "width": 2
        },
        "calibration": {
            "camera_matrix_opencv": [
                [
                    1301.7888849907697,
                    0.0,
                    244.35710603412497
                ],
                [
                    0.0,
                    1301.7888849907697,
                    314.80015258697887
                ],
                [
                    0.0,
                    0.0,
                    1.0
                ]
            ],
            "distortion_coefs_opencv": [
                [
                    -1.840199950852088,
                    61.252009080903186,
                    -0.014848577848438795,
                    -0.01654955244612207,
                    0.861897639834313
                ]
            ],
            "markers": [
                [
                    206.41815585,
                    263.71034736
                ],
                [
                    228.58665066,
                    346.0085611
                ],
                [
                    288.85373133,
                    346.18917327
                ],
                [
                    307.0066108 ,
                    258.33519037
                ]
            ]
        },
        "limits": [
            4900,
            37500
        ],
        "path": "/intelsr300_ir"
    },
    "infrared_high_def": {
        "array_format": {
            "frame": 0,
            "height": 1,
            "width": 2
        },
        "calibration": {
            "camera_matrix_opencv": [
                [
                    2868.009829869865,
                    0.0,
                    634.5062671854032
                ],
                [
                    0.0,
                    2868.009829869865,
                    482.0540847507081
                ],
                [
                    0.0,
                    0.0,
                    1.0
                ]
            ],
            "distortion_coefs_opencv": [
                [
                    0.7969043812120183,
                    -33.77424832743537,
                    -0.0027237994905164285,
                    0.026100996182715032,
                    322.27955872281484
                ]
            ],
            "markers": [
                [
                    330.0,
                    608.0
                ],
                [
                    449.0,
                    1078.0
                ],
                [
                    788.0,
                    1084.0
                ],
                [
                    897.0,
                    581.0
                ]
            ],
            "normalize": true
        },
        "limits": [
            0,
            255
        ],
        "path": "/ueye_ir"
    },
    "thermal": {
        "array_format": {
            "frame": 0,
            "height": 1,
            "width": 2
        },
        "calibration": {
            "camera_matrix_opencv": [
                [
                    2226.337803405856,
                    0.0,
                    182.40496588302494
                ],
                [
                    0.0,
                    2226.337803405856,
                    162.62115252482582
                ],
                [
                    0.0,
                    0.0,
                    1.0
                ]
            ],
            "distortion_coefs_opencv": [
                [
                    -1.5380533990089635,
                    -1109.8836499947129,
                    -0.009140091829822752,
                    -0.18687010185289327,
                    -3.5711841249056486
                ]
            ],
            "flatfield": true,
            "invert": true,
            "blur": true,
            "markers": [
                [
                    49.0,
                    138.0
                ],
                [
                    73.0,
                    235.0
                ],
                [
                    143.0,
                    236.0
                ],
                [
                    165.0,
                    134.0
                ]
            ],
            "normalize": true
        },
        "limits": [
            15600,
            16640
        ],
        "path": "/seek_ir"
    },
    "thermal_high_def": {
        "array_format": {
            "frame": 0,
            "height": 1,
            "width": 2
        },
        "calibration": {
            "camera_matrix_opencv": [
                [
                    2646.255614612503,
                    0.0,
                    238.26025127450555
                ],
                [
                    0.0,
                    2646.255614612503,
                    114.33603905460009
                ],
                [
                    0.0,
                    0.0,
                    1.0
                ]
            ],