{
    "color": {
        "array_format": {
            "flip": ["depth"],
            "depth": 3,
            "frame": 0,
            "height": 1,
            "width": 2
        },
        "calibration": {
            "camera_matrix_opencv": [
                [
                    1680.8766581649177,
                    0.0,
                    490.34621493698324
                ],
                [
                    0.0,
                    1680.8766581649177,
                    873.7594590086791
                ],
                [
                    0.0,
                    0.0,
                    1.0
                ]
            ],
            "distortion_coefs_opencv": [
                [
                    -0.09764880978645571,
                    12.267866265288196,
                    -0.028227381652268502,
                    -0.011716790410207786,
                    -184.59938595272547
                ]
            ],
            "markers": [
                [
                    363.332763671875,
                    598.7046508789062
                ],
                [
                    700.7198486328125,
                    605.7621459960938
                ],
                [
                    362.6193542480469,
                    1076.5181884765625
                ],
                [
                    695.0,
                    1075.5
                ]
            ]
        },
        "limits": [
            0,
            255
        ],
        "path": "/intelsr300_bgr"
    },
    "depth": {
        "array_format": {
            "frame": 0,
            "height": 1,
            "width": 2
        },
        "calibration": {
            "camera_matrix_opencv": [
                [
                    1301.7888849907697,
                    0.0,
                    244.35710603412497
                ],
                [
                    0.0,
                    1301.7888849907697,
                    314.80015258697887
                ],
                [
                    0.0,
                    0.0,
                    1.0
                ]
            ],
            "distortion_coefs_opencv": [
                [
                    -1.840199950852088,
                    61.252009080903186,
                    -0.014848577848438795,
                    -0.01654955244612207,
                    0.861897639834313
                ]
            ],
            "markers": [
                [
                    189.30969794,
                    216.94519822
                ],
                [
                    302.84380476,
                    218.25902513
                ],
                [
                    188.05056216,
                    377.76693012
                ],
                [
                    302.15759175,
                    377.28686952
                ]
            ],
            "use_calibration_from": "infrared"
        },
        "limits": [
            2000,
            4000
        ],
        "path": "/intelsr300_depth"
    },
    "infrared": {
        "array_format": {
            "frame": 0,
            "height": 1,
            "width": 2
        },
        "calibration": {
            "camera_matrix_opencv": [
                [
                    1301.7888849907697,
                    0.0,
                    244.35710603412497
                ],
                [
                    0.0,
                    1301.7888849907697,
                    314.80015258697887
                ],
                [
                    0.0,
                    0.0,
                    1.0
                ]
            ],
            "distortion_coefs_opencv": [
                [
                    -1.840199950852088,
                    61.252009080903186,
                    -0.014848577848438795,
                    -0.01654955244612207,
                    0.861897639834313
                ]
            ],
            "markers": [
                [
                    189.30969794,
                    216.94519822
                ],
                [
                    302.84380476,
                    218.25902513
                ],
                [
                    188.05056216,
                    377.76693012
                ],
                [
                    302.15759175,
                    377.28686952
                ]
            ]
        },
        "limits": [
            4900,
            37500
        ],
        "path": "/intelsr300_ir"
    },
    "infrared_high_def": {
        "array_format": {
            "frame": 0,
            "height": 1,
            "width": 2
        },
        "calibration": {
            "camera_matrix_opencv": [
                [
                    2868.009829869865,
                    0.0,
                    634.5062671854032
                ],
                [
                    0.0,
                    2868.009829869865,
                    482.0540847507081
                ],
                [
                    0.0,
                    0.0,
                    1.0
                ]
            ],
            "distortion_coefs_opencv": [
                [
                    0.7969043812120183,
                    -33.77424832743537,
                    -0.0027237994905164285,
                    0.026100996182715032,
                    322.27955872281484
                ]
            ],
            "markers": [
                [
                    291.5,
                    179.5
                ],
                [
                    970.342041015625,
                    175.56031799316406
                ],
                [
                    313.75482177734375,
                    1112.85302734375
                ],
                [
                    967.4508056640625,
                    1099.2454833984375
                ]
            ],
            "normalize": true
        },
        "limits": [
            0,
            255
        ],
        "path": "/ueye_ir"
    },
    "thermal": {
        "array_format": {
            "frame": 0,
            "height": 1,
            "width": 2
        },
        "calibration": {
            "camera_matrix_opencv": [
                [
                    2226.337803405856,
                    0.0,
                    182.40496588302494
                ],
                [
                    0.0,
                    2226.337803405856,
                    162.62115252482582
                ],
                [
                    0.0,
                    0.0,
                    1.0
                ]
            ],
            "distortion_coefs_opencv": [
                [
                    -1.5380533990089635,
                    -1109.8836499947129,
                    -0.009140091829822752,
                    -0.18687010185289327,
                    -3.5711841249056486
                ]
            ],
            "flatfield": true,
            "invert": true,
            "blur": true,
            "markers": [
                [
                    56.95457458496094,
                    72.85508728027344
                ],
                [
                    187.5,
                    74.0
                ],
                [
                    54.57673263549805,
                    255.6454315185547
                ],
                [
                    185.12330627441406,
                    256.40338134765625
                ]
            ],
            "normalize": true
        },
        "limits": [
            15600,
            16640
        ],
        "path": "/seek_ir"
    },
    "thermal_high_def": {
        "array_format": {
            "frame": 0,
            "height": 1,
            "width": 2
        },