{"train_size": 105, "valid_size": 45, "train_accuracy": 0.9619047619047619, "valid_accuracy": 0.9555555555555556}