{
  "timemory": {
    "ranks": [
      {
        "rank": 0,
        "concurrency": 1,
        "type": "cpu_util",
        "description": "cpu utilization",
        "unit_value": 1,
        "unit_repr": "%",
        "graph": [
          {
            "hash": 9631199822919835226,
            "prefix": ">>> foo",
            "depth": 0,
            "entry": {
              "cereal_class_version": 0,
              "is_transient": true,
              "laps": 1,
              "repr_data": 36.26468640271489,
              "value": {
                "first": 2360000000,
                "second": 1582667094940657000
              },
              "accum": {
                "first": 1140000000,
                "second": 3143554000
              },
              "units": 1,
              "display_units": "%"
            },
            "rolling_hash": 9631199822919835226,
            "stats": {
              "cereal_class_version": 0,
              "sum": 36.26468640271489,
              "sqr": 1315.127479887254,
              "min": 36.26468640271489,
              "max": 36.26468640271489,
              "count": 1
            }
          },
          {
            "hash": 713707590686624636,
            "prefix": ">>> |_[fibonacci]",
            "depth": 1,
            "entry": {
              "is_transient": true,
              "laps": 1,
              "repr_data": 99.93057454820861,
              "value": {
                "first": 2360000000,
                "second": 1582667094939169000
              },
              "accum": {
                "first": 1140000000,
                "second": 1140792000
              },
              "units": 1,
              "display_units": "%"
            },
            "rolling_hash": 10344907413606459862,
            "stats": {
              "sum": 99.93057454820861,
              "sqr": 9986.11972953508,
              "min": 99.93057454820861,
              "max": 99.93057454820861,
              "count": 1
            }
          }
        ]
      }
    ]
  }
}
